Book_ID,Title,Author,Genre,Publication_Year
B001,The Quantum Enigma,Alice Johnson,Science,2018
B002,Shadows of Eternity,Mark Daniels,Fiction,2015
B003,Data Structures Unfolded,R. Gupta,Education,2021
B004,The Lost Civilization,Hannah Lee,History,2012
B005,AI and the Future,Carlos Mendez,Technology,2020
B006,Ocean Depths,Rachel Kim,Adventure,2017
B007,The Hidden Algorithm,Alice Johnson,Technology,2019
B008,Gardens of the Mind,Liam Chen,Philosophy,2016
B009,Microcosmos,Alice Johnson,Science,2014
B010,Echoes of Tomorrow,Mark Daniels,Fiction,2023
B011,The Mind Handbook,Dr. Sarah Wilson,Religion,2021
B012,The Desert Story,James Miller,Biography,2024
B013,The Power Guide,Rachel Kim,Politics,2022
B014,Understanding Future,Rachel Kim,Science,2022
B015,The Beauty Manual,Mark Daniels,Art,2020
B016,The Future Study,Dr. Amara Okafor,Economics,2020
B017,The Time Manual,Anna Kowalski,Sports,2019
B018,The Change Handbook,Lucas Silva,Economics,2023
B019,Future of Desert,Dr. Priya Shah,Technology,2022
B020,Growth Fundamentals,Yuki Tanaka,Education,2022
B021,The Truth Kingdom,Ahmed Hassan,Fantasy,2018
B022,The Innovation Guide,Dr. Sarah Wilson,Music,2024
B023,The Discovery Analysis,Dr. Rajesh Kumar,Music,2023
B024,The Future Mind,Carlos Mendez,Philosophy,2020
B025,The Forest Manual,Dr. Rajesh Kumar,Sociology,2020
B026,Rise of Truth,Yuki Tanaka,History,2020
B027,The Light Handbook,Fatima Al-Zahra,Religion,2021
B028,The City Dragon,Dr. Priya Shah,Fantasy,2022
B029,The Justice Manual,Robert Smith,Cooking,2021
B030,Adventures in Fear,Kai Nakamura,Adventure,2020
B031,The Peace Guide,James Miller,Religion,2022
B032,Portrait of Creation,R. Gupta,Biography,2019
B033,Case of Peace,Carlos Mendez,Mystery,2020
B034,The Truth Way,Marcus Johnson,Philosophy,2021
B035,Digital Past,Ahmed Hassan,Technology,2021
B036,The Power Analysis,Ahmed Hassan,Psychology,2023
B037,The Future Manual,Fatima Al-Zahra,Self-Help,2020
B038,The Forest Guide,Marcus Johnson,Art,2022
B039,Ancient Power,Jennifer Lopez,History,2022
B040,The Innovation Study,Carlos Mendez,Cooking,2018
B041,The Honor Handbook,Kai Nakamura,Cooking,2022
B042,The Storm Analysis,Alice Johnson,Music,2020
B043,The Change Guide,Anna Kowalski,Sociology,2019
B044,The Truth Heart,Lucas Silva,Romance,2024
B045,Quantum Shadow,Ahmed Hassan,Science,2024
B046,The War Analysis,Liam Chen,Art,2023
B047,The Ice Handbook,David Thompson,Cooking,2021
B048,The Justice Analysis,Robert Smith,Sociology,2019
B049,Mind Explained,Chen Wei,Science,2022
B050,Rise of Past,Fatima Al-Zahra,History,2021
B051,The Forest Mystery,Lisa Wang,Fiction,2019
B052,Justice Fundamentals,Marcus Johnson,Education,2021
B053,The Fire Study,Prof. Michael Brown,Sociology,2018
B054,The Hope Analysis,Robert Smith,Music,2024
B055,The Reality Analysis,Lucas Silva,Cooking,2020
B056,The War Study,David Thompson,Sociology,2022
B057,The Freedom Analysis,Fatima Al-Zahra,Politics,2021
B058,The Past Manual,Dr. Sarah Wilson,Health,2022
B059,Beauty Fundamentals,Isabella Rodriguez,Education,2022
B060,Life of City,James Miller,Biography,2020
B061,The Future Guide,Hannah Lee,Economics,2024
B062,The Courage Chronicles,Isabella Rodriguez,Fiction,2023
B063,Reality: A Biography,Anna Kowalski,Biography,2024
B064,The Knowledge Manual,Prof. Michael Brown,Music,2023
B065,The Dream Guide,Dr. Amara Okafor,Travel,2022
B066,Rise of Power,Lucas Silva,History,2024
B067,The Desert Strategy,Kai Nakamura,Business,2019
B068,The Lost Desert,Oliver Fischer,Fiction,2020
B069,The Justice Story,David Thompson,Biography,2018
B070,The Power Manual,Prof. Michael Brown,Health,2021
B071,Case of City,Kai Nakamura,Mystery,2021
B072,The Mountain Analysis,Liam Chen,Health,2020
B073,Understanding Light,Rachel Kim,Science,2023
B074,Reality Leadership,Marcus Johnson,Business,2021
B075,The Light Study,Hannah Lee,Self-Help,2020
B076,Science of Truth,Yuki Tanaka,Science,2022
B077,The Wisdom Affair,Lucas Silva,Romance,2019
B078,Future of Reality,David Thompson,Technology,2023
B079,The Lost Mountain,Hannah Lee,Fiction,2019
B080,The Honor Mystery,Dr. Elena Rossi,Fiction,2024
B081,Exploring Forest,Hannah Lee,Adventure,2023
B082,Exploring City,Carlos Mendez,Adventure,2020
B083,The Creation Guide,Lisa Wang,Politics,2018
B084,The Ocean Analysis,Lisa Wang,Sports,2023
B085,Advanced Honor,Dr. Amara Okafor,Education,2022
B086,The Reality Handbook,Ahmed Hassan,Thriller,2022
B087,Fire: A Biography,Ahmed Hassan,Biography,2023
B088,The Truth Handbook,Sophie Martin,Politics,2019
B089,The Time Study,Carlos Mendez,Sociology,2021
B090,The City Analysis,Liam Chen,Cooking,2019
B091,Thoughts on Fire,Zara Osei,Philosophy,2023
B092,Magic of Discovery,Carlos Mendez,Fantasy,2022
B093,Passion for Justice,Robert Smith,Romance,2021
B094,The Honor Guide,Sophie Martin,Economics,2019
B095,The Desert Manual,Sophie Martin,Politics,2021
B096,The Beauty Murder,Dr. Sarah Wilson,Mystery,2021
B097,Future of Reality,Anna Kowalski,Technology,2022
B098,The Reality Handbook,Isabella Rodriguez,Economics,2022
B099,The Hope Guide,Marcus Johnson,Art,2023
B100,Mastering Ocean,Lucas Silva,Education,2021
B101,Understanding Hope,Isabella Rodriguez,Science,2019
B102,Exploring Power,Nadia Petrov,Adventure,2022
B103,The Storm Guide,Alice Johnson,Music,2023
B104,The Justice Guide,Jennifer Lopez,Economics,2022
B105,Realm of Fire,Jennifer Lopez,Fantasy,2023
B106,The Lost Ocean,Sophie Martin,Fiction,2021
B107,Magic of Desert,Dr. Priya Shah,Fantasy,2022
B108,The Ice Prophecy,Dr. Amara Okafor,Fantasy,2021
B109,The Destruction Story,Robert Smith,Biography,2018
B110,Science of Destruction,Maria Garcia,Science,2019
B111,The Fear Manual,Lisa Wang,Politics,2018
B112,The Innovation Guide,Liam Chen,Economics,2022
B113,The Dream Study,James Miller,Travel,2021
B114,Magic of Future,Sophie Martin,Fantasy,2022
B115,Change Explained,David Thompson,Science,2024
B116,The Growth Detective,Carlos Mendez,Mystery,2020
B117,The Creation Analysis,Zara Osei,Religion,2021
B118,The Storm Handbook,Mark Daniels,Thriller,2023
B119,Journey to Desert,Ahmed Hassan,Adventure,2020
B120,The Growth Handbook,Lucas Silva,Cooking,2019
B121,The Innovation Strategy,Zara Osei,Business,2020
B122,The Hope Guide,David Thompson,Sports,2020
B123,The Time Analysis,Lucas Silva,Economics,2024
B124,The Discovery Study,David Thompson,Music,2023
B125,Advanced Peace,Isabella Rodriguez,Education,2022
B126,The War Analysis,Dr. Sarah Wilson,Politics,2023
B127,Romance of Creation,Dr. Amara Okafor,Romance,2023
B128,The Beauty Manual,Dr. Rajesh Kumar,Economics,2020
B129,The Shadow Way,Dr. Amara Okafor,Philosophy,2023
B130,The Creation Analysis,Sophie Martin,Cooking,2022
B131,Science of Reality,Sophie Martin,Science,2023
B132,Freedom Leadership,Chen Wei,Business,2023
B133,The Courage Study,Dr. Priya Shah,Health,2021
B134,The Forest Handbook,Robert Smith,Psychology,2019
B135,The Forest Manual,Isabella Rodriguez,Art,2020
B136,The Future Manual,Sophie Martin,Politics,2021
B137,The Past Revolution,Mark Daniels,Technology,2023
B138,The Truth Study,Carlos Mendez,Travel,2023
B139,The Innovation Study,David Thompson,Religion,2018
B140,The Ice Guide,Lisa Wang,Self-Help,2022
B141,The Power Manual,Liam Chen,Sociology,2021
B142,Adventures in Mountain,Viktor Novak,Adventure,2020
B143,The Storm Study,Lisa Wang,Music,2019
B144,Tech Beauty,Kai Nakamura,Technology,2021
B145,The Freedom Analysis,Chen Wei,Cooking,2024
B146,The Power Analysis,Zara Osei,Psychology,2021
B147,The Knowledge Study,Robert Smith,Health,2022
B148,The Honor Detective,Lisa Wang,Mystery,2022
B149,The Fear Study,Lisa Wang,Travel,2021
B150,Learning Fear,Dr. Rajesh Kumar,Education,2024
B151,The Justice Guide,Chen Wei,Thriller,2024
B152,Digital Innovation,Jennifer Lopez,Technology,2020
B153,The Reality Guide,Jennifer Lopez,Economics,2021
B154,Art of Justice,Dr. Amara Okafor,Business,2021
B155,The Mountain Manual,Dr. Amara Okafor,Health,2020
B156,Building Mind,Yuki Tanaka,Business,2018
B157,The Knowledge Guide,Yuki Tanaka,Sociology,2022
B158,Realm of Destruction,Sophie Martin,Fantasy,2022
B159,The Wisdom Manual,James Miller,Music,2019
B160,Mystery of Mind,Lucas Silva,Mystery,2020
B161,The Creation Manual,Isabella Rodriguez,Self-Help,2024
B162,The Justice Guide,Prof. Michael Brown,Health,2020
B163,The Forest Study,Mark Daniels,Self-Help,2019
B164,Digital Mountain,Kai Nakamura,Technology,2021
B165,The Reality Detective,Yuki Tanaka,Mystery,2024
B166,The Change Study,Chen Wei,Health,2020
B167,The Forest Detective,Dr. Amara Okafor,Mystery,2022
B168,The Justice Guide,Mark Daniels,Travel,2023
B169,The Ocean Kingdom,James Miller,Fantasy,2020
B170,The Past Manual,Mark Daniels,Sociology,2022
B171,Understanding Fire,Jennifer Lopez,Science,2021
B172,The Reality Study,Dr. Sarah Wilson,Travel,2022
B173,The Discovery Manual,Ahmed Hassan,Economics,2022
B174,The Light Handbook,Dr. Sarah Wilson,Cooking,2022
B175,Rise of Innovation,Mark Daniels,History,2019
B176,The City Analysis,David Thompson,Self-Help,2023
B177,The Desert Handbook,Lisa Wang,Economics,2021
B178,The Ocean Handbook,Dr. Sarah Wilson,Politics,2020
B179,The Discovery Guide,Lucas Silva,Music,2018
B180,The Time Study,Isabella Rodriguez,Art,2022
B181,The Power Handbook,Liam Chen,Travel,2022
B182,The Ice Study,Kai Nakamura,Religion,2018
B183,The Justice Expedition,Viktor Novak,Adventure,2022
B184,The Truth Study,Dr. Elena Rossi,Sociology,2020
B185,The Peace Manual,Anna Kowalski,Psychology,2022
B186,Past for Beginners,Anna Kowalski,Education,2020
B187,The Innovation Handbook,Kai Nakamura,Sociology,2022
B188,Science of Shadow,Marcus Johnson,Science,2021
B189,The Growth Handbook,Dr. Priya Shah,Travel,2024
B190,The Fear Analysis,Anna Kowalski,Thriller,2019
B191,Understanding Forest,Viktor Novak,Science,2021
B192,Beauty: A Biography,Dr. Amara Okafor,Biography,2019
B193,The Knowledge Study,Lisa Wang,Sociology,2024
B194,The Forest Handbook,Mark Daniels,Health,2023
B195,The War Story,Oliver Fischer,Biography,2020
B196,The Knowledge Analysis,Fatima Al-Zahra,Politics,2022
B197,The Power Analysis,Dr. Benjamin Clark,Art,2023
B198,The Truth Handbook,Dr. Benjamin Clark,Thriller,2022
B199,The Storm Heart,Ahmed Hassan,Romance,2022
B200,The Peace Guide,David Thompson,Psychology,2020
B201,The Dream Manual,Maria Garcia,Psychology,2019
B202,The Fear Analysis,Dr. Elena Rossi,Psychology,2023
B203,The Love Guide,Viktor Novak,Sociology,2024
B204,Wisdom of Discovery,Dr. Rajesh Kumar,Philosophy,2022
B205,Journey to Justice,Sophie Martin,Adventure,2021
B206,The Mountain Revolution,Anna Kowalski,Technology,2021
B207,The Fire Study,Dr. Rajesh Kumar,Music,2022
B208,Chronicles of Love,Alice Johnson,History,2023
B209,The Freedom Handbook,Dr. Elena Rossi,Travel,2023
B210,The Knowledge Expedition,Hannah Lee,Adventure,2023
B211,The Wisdom Wars,Carlos Mendez,History,2022
B212,Learning Ice,Hannah Lee,Education,2019
B213,The Forest Manual,Sophie Martin,Sports,2020
B214,Chronicles of Future,Dr. Amara Okafor,History,2023
B215,The Innovation Study,Viktor Novak,Sociology,2022
B216,The Power Handbook,Sophie Martin,Health,2018
B217,The Desert Manual,Hannah Lee,Sports,2019
B218,The Hope Guide,Dr. Priya Shah,Religion,2022
B219,Quest for Beauty,Lisa Wang,Adventure,2018
B220,Destruction Fundamentals,Robert Smith,Education,2020
B221,The Love Guide,Dr. Elena Rossi,Health,2022
B222,Portrait of Truth,Dr. Rajesh Kumar,Biography,2022
B223,Mastering Dream,James Miller,Education,2022
B224,Building Future,Dr. Sarah Wilson,Business,2020
B225,The Fear Manual,Jennifer Lopez,Religion,2022
B226,Learning War,Hannah Lee,Education,2020
B227,The Freedom Guide,Dr. Rajesh Kumar,Cooking,2021
B228,The Creation Handbook,Sophie Martin,Health,2022
B229,The Freedom Guide,Marcus Johnson,Art,2022
B230,The Power Handbook,R. Gupta,Cooking,2023
B231,The Mind Guide,Ahmed Hassan,Cooking,2022
B232,Portrait of Ocean,Mark Daniels,Biography,2022
B233,The Knowledge Analysis,Maria Garcia,Sociology,2019
B234,The Fear Manual,Nadia Petrov,Religion,2021
B235,The Wisdom Guide,Lucas Silva,Sports,2020
B236,The Destruction Handbook,Dr. Benjamin Clark,Travel,2020
B237,The Light Handbook,Liam Chen,Thriller,2024
B238,Art of Creation,Marcus Johnson,Business,2021
B239,The Truth Guide,R. Gupta,Sociology,2023
B240,The Peace Guide,Ahmed Hassan,Thriller,2022
B241,The Courage Guide,Oliver Fischer,Sociology,2023
B242,The Destruction Guide,Kai Nakamura,Politics,2022
B243,Thoughts on Wisdom,Viktor Novak,Philosophy,2022
B244,The Mountain Manual,Nadia Petrov,Religion,2021
B245,The Freedom Detective,Prof. Michael Brown,Mystery,2020
B246,The Storm Guide,Marcus Johnson,Economics,2022
B247,The Light Handbook,Lisa Wang,Religion,2020
B248,The Beauty Study,Alice Johnson,Music,2018
B249,Truth Fundamentals,James Miller,Education,2022
B250,The Love Wars,Jennifer Lopez,History,2020
B251,The Destruction Study,Anna Kowalski,Art,2024
B252,The Truth Analysis,Lisa Wang,Travel,2024
B253,Digital Courage,Yuki Tanaka,Technology,2024
B254,The City Handbook,Prof. Michael Brown,Psychology,2021
B255,The Change Analysis,Dr. Amara Okafor,Sociology,2018
B256,The War Detective,Alice Johnson,Mystery,2024
B257,The Ice Study,Marcus Johnson,Sports,2021
B258,The Growth Handbook,Dr. Elena Rossi,Music,2024
B259,The Truth Handbook,Yuki Tanaka,Music,2024
B260,Philosophy of Innovation,Lisa Wang,Philosophy,2023
B261,Life of Peace,Dr. Amara Okafor,Biography,2020
B262,The Innovation Study,Dr. Elena Rossi,Psychology,2021
B263,The Wisdom Guide,Jennifer Lopez,Politics,2023
B264,Tech Change,Zara Osei,Technology,2021
B265,The Honor Era,Nadia Petrov,History,2020
B266,The Ice Study,Alice Johnson,Health,2022
B267,The City Study,Jennifer Lopez,Religion,2024
B268,The Creation Conspiracy,Isabella Rodriguez,Mystery,2022
B269,The Change Analysis,Rachel Kim,Religion,2022
B270,The Wisdom Analysis,Chen Wei,Self-Help,2019
B271,Tales of Love,Carlos Mendez,Fiction,2022
B272,Desert: A Biography,Rachel Kim,Biography,2024
B273,The Freedom Manual,Liam Chen,Sociology,2019
B274,The Mind Guide,Sophie Martin,Economics,2022
B275,The Love Handbook,Hannah Lee,Thriller,2023
B276,Magic of Past,Lucas Silva,Fantasy,2022
B277,The Shadow Manual,Dr. Amara Okafor,Art,2022
B278,Exploring Innovation,Rachel Kim,Adventure,2022
B279,The Wisdom Analysis,Lisa Wang,Cooking,2021
B280,Hope Innovations,James Miller,Technology,2020
B281,The Time Study,Ahmed Hassan,Health,2023
B282,Love in Freedom,Robert Smith,Romance,2023
B283,Realm of Hope,Sophie Martin,Fantasy,2023
B284,The Dream Study,Sophie Martin,Health,2024
B285,The Past Study,Liam Chen,Travel,2022
B286,The Love Handbook,Dr. Benjamin Clark,Sports,2022
B287,Science of Time,Oliver Fischer,Science,2023
B288,The Wisdom Handbook,Hannah Lee,Sports,2022
B289,The Growth Manual,James Miller,Sociology,2022
B290,The Hope Manual,David Thompson,Religion,2023
B291,The Ocean Handbook,Liam Chen,Religion,2023
B292,The Discovery Manual,R. Gupta,Health,2021
B293,Mastering Destruction,Dr. Rajesh Kumar,Education,2021
B294,Quest for Justice,David Thompson,Adventure,2019
B295,The Fear Prophecy,Viktor Novak,Fantasy,2022
B296,Adventures in Love,Ahmed Hassan,Adventure,2018
B297,The Storm Study,Isabella Rodriguez,Psychology,2021
B298,Learning Creation,Jennifer Lopez,Education,2022
B299,The Forest Study,Fatima Al-Zahra,Music,2020
B300,Quantum Storm,Ahmed Hassan,Science,2022
B301,The Hope Analysis,Fatima Al-Zahra,Health,2018
B302,The Desert Manual,Fatima Al-Zahra,Self-Help,2018
B303,The Beauty Handbook,Mark Daniels,Travel,2023
B304,The City Study,James Miller,Cooking,2021
B305,The Destruction Guide,Sophie Martin,Economics,2019
B306,The War Revolution,R. Gupta,Technology,2022
B307,The Desert Manual,Dr. Sarah Wilson,Travel,2023
B308,The Innovation Study,Prof. Michael Brown,Music,2020
B309,The Ice Prophecy,Dr. Amara Okafor,Fantasy,2022
B310,Destruction Leadership,Liam Chen,Business,2019
B311,The Reality Detective,R. Gupta,Mystery,2019
B312,The Past Handbook,Nadia Petrov,Health,2022
B313,Chronicles of Growth,Fatima Al-Zahra,History,2022
B314,The Lost Dream,Oliver Fischer,Fiction,2022
B315,The Reality Era,Kai Nakamura,History,2022
B316,The Mountain Handbook,Mark Daniels,Religion,2024
B317,Memoirs of Reality,Prof. Michael Brown,Biography,2022
B318,Advanced Reality,Dr. Priya Shah,Education,2021
B319,The Time Story,Isabella Rodriguez,Biography,2023
B320,Case of Justice,Jennifer Lopez,Mystery,2020
B321,The Mind Murder,Maria Garcia,Mystery,2021
B322,Future of Past,Alice Johnson,Technology,2019
B323,The Mind Manual,Chen Wei,Sports,2018
B324,Case of Destruction,Hannah Lee,Mystery,2024
B325,The City Study,Dr. Sarah Wilson,Art,2023
B326,The Courage Analysis,Fatima Al-Zahra,Health,2022
B327,Chronicles of Future,Nadia Petrov,History,2021
B328,The Honor Handbook,R. Gupta,Cooking,2020
B329,The Mountain Study,Mark Daniels,Health,2020
B330,The Desert Study,Lucas Silva,Self-Help,2020
B331,The City Guide,Nadia Petrov,Economics,2022
B332,The City Manual,Jennifer Lopez,Thriller,2022
B333,Mystery of Honor,Chen Wei,Mystery,2022
B334,The Power Affair,Kai Nakamura,Romance,2020
B335,Chronicles of Reality,Dr. Sarah Wilson,History,2024
B336,Success in Destruction,Nadia Petrov,Business,2022
B337,The Creation Study,Kai Nakamura,Thriller,2022
B338,The Peace Study,Liam Chen,Psychology,2022
B339,The Discovery Manual,Ahmed Hassan,Thriller,2021
B340,The City Guide,Dr. Elena Rossi,Politics,2020
B341,Desert for Beginners,Rachel Kim,Education,2021
B342,The Fire Analysis,Fatima Al-Zahra,Psychology,2023
B343,The Destruction Chronicles,Isabella Rodriguez,Fiction,2018
B344,The Love Kingdom,Lucas Silva,Fantasy,2019
B345,The Growth Guide,Sophie Martin,Cooking,2018
B346,The Reality Manual,Zara Osei,Sports,2018
B347,The Future Guide,Dr. Elena Rossi,Politics,2023
B348,The Fear Kingdom,Fatima Al-Zahra,Fantasy,2022
B349,The Power Analysis,James Miller,Sports,2021
B350,The Fear Guide,Mark Daniels,Sociology,2019
B351,The Change Expedition,Anna Kowalski,Adventure,2021
B352,Magic of Ice,Alice Johnson,Fantasy,2021
B353,The City Manual,Oliver Fischer,Sports,2020
B354,The Forest Analysis,Mark Daniels,Psychology,2021
B355,The Truth Way,Yuki Tanaka,Philosophy,2021
B356,The Discovery Handbook,Robert Smith,Thriller,2022
B357,The Forest Guide,Chen Wei,Psychology,2022
B358,Tech Mountain,Robert Smith,Technology,2018
B359,The Fear Study,Rachel Kim,Politics,2021
B360,The Wisdom Analysis,Lucas Silva,Politics,2022
B361,The Fear Manual,Dr. Amara Okafor,Health,2022
B362,The Storm Handbook,Zara Osei,Sociology,2023
B363,Art of Wisdom,Dr. Sarah Wilson,Business,2022
B364,The Ocean Manual,Sophie Martin,Art,2020
B365,The Time Manual,Hannah Lee,Self-Help,2019
B366,The Hope Heart,Dr. Priya Shah,Romance,2022
B367,Love in Time,Chen Wei,Romance,2018
B368,The Shadow Manual,Lucas Silva,Travel,2022
B369,The Courage Analysis,James Miller,Self-Help,2024
B370,The City Study,Dr. Benjamin Clark,Politics,2022
B371,The Power Guide,R. Gupta,Psychology,2021
B372,The Peace Analysis,Carlos Mendez,Health,2022
B373,Love Leadership,Oliver Fischer,Business,2021
B374,The Peace Era,Oliver Fischer,History,2022
B375,The Forest Expedition,Kai Nakamura,Adventure,2024
B376,Success in Power,Liam Chen,Business,2021
B377,The Honor Guide,Oliver Fischer,Sports,2024
B378,The Change Manual,Sophie Martin,Self-Help,2024
B379,The City Analysis,Robert Smith,Thriller,2020
B380,The Honor Analysis,Dr. Sarah Wilson,Religion,2019
B381,Thoughts on Ice,Dr. Benjamin Clark,Philosophy,2019
B382,The Hope Story,Liam Chen,Biography,2018
B383,Philosophy of Ice,Maria Garcia,Philosophy,2019
B384,The Shadow Study,Carlos Mendez,Sociology,2022
B385,The Peace Handbook,Nadia Petrov,Health,2019
B386,The Knowledge Revolution,Nadia Petrov,Technology,2021
B387,The Fear Analysis,Sophie Martin,Health,2023
B388,The City Mystery,Dr. Benjamin Clark,Fiction,2018
B389,Passion for Ocean,Kai Nakamura,Romance,2023
B390,The Lost City,Fatima Al-Zahra,Fiction,2020
B391,The Courage Study,Rachel Kim,Religion,2019
B392,The Freedom Analysis,R. Gupta,Health,2022
B393,The Peace Analysis,David Thompson,Religion,2022
B394,The Ice Guide,Zara Osei,Travel,2023
B395,The Change Guide,Liam Chen,Health,2022
B396,The Ocean Manual,Maria Garcia,Art,2023
B397,The Freedom Analysis,Nadia Petrov,Economics,2020
B398,The Discovery Handbook,Robert Smith,Art,2020
B399,Passion for Change,Yuki Tanaka,Romance,2023
B400,The Change Guide,Hannah Lee,Politics,2023
B401,The Beauty Study,Liam Chen,Thriller,2024
B402,The Ice Affair,Ahmed Hassan,Romance,2021
B403,The Ice Handbook,Rachel Kim,Thriller,2021
B404,The Forest Heart,Oliver Fischer,Romance,2023
B405,Romance of Fire,Yuki Tanaka,Romance,2021
B406,The Forest Study,Viktor Novak,Politics,2024
B407,The Mind Handbook,Fatima Al-Zahra,Art,2023
B408,The Change Heart,Maria Garcia,Romance,2021
B409,The Dream Manual,Marcus Johnson,Sociology,2023
B410,The Love Revolution,Jennifer Lopez,Technology,2023
B411,Chronicles of Honor,Zara Osei,History,2019
B412,The Fire Mystery,Isabella Rodriguez,Fiction,2024
B413,The Ice Manual,Yuki Tanaka,Cooking,2022
B414,Adventures in Ocean,Robert Smith,Adventure,2023
B415,Success in Freedom,Fatima Al-Zahra,Business,2021
B416,The Freedom Manual,Dr. Rajesh Kumar,Cooking,2023
B417,The War Study,Lisa Wang,Music,2021
B418,Philosophy of Freedom,Fatima Al-Zahra,Philosophy,2018
B419,The Innovation Analysis,Dr. Rajesh Kumar,Health,2024
B420,The Light Manual,Dr. Amara Okafor,Art,2019
B421,The Hope Guide,Prof. Michael Brown,Cooking,2021
B422,The Discovery Analysis,Dr. Elena Rossi,Religion,2024
B423,The Love Era,Viktor Novak,History,2024
B424,Mastering Freedom,Robert Smith,Education,2022
B425,The Power Guide,Jennifer Lopez,Art,2022
B426,Portrait of Mind,Nadia Petrov,Biography,2021
B427,Courage Leadership,Hannah Lee,Business,2020
B428,Realm of Forest,Lisa Wang,Fantasy,2021
B429,The Peace Kingdom,James Miller,Fantasy,2022
B430,Ancient Fire,Isabella Rodriguez,History,2023
B431,Secrets of Fire,Dr. Rajesh Kumar,Fiction,2023
B432,The Freedom Analysis,Dr. Elena Rossi,Sociology,2023
B433,The Hope Theory,Rachel Kim,Science,2019
B434,Philosophy of Honor,Jennifer Lopez,Philosophy,2021
B435,Art of Past,Dr. Sarah Wilson,Business,2019
B436,Love in Past,Dr. Sarah Wilson,Romance,2022
B437,The Storm Strategy,Kai Nakamura,Business,2021
B438,The Courage Analysis,Mark Daniels,Travel,2023
B439,Portrait of Power,Jennifer Lopez,Biography,2021
B440,Understanding Destruction,Dr. Benjamin Clark,Science,2019
B441,Exploring Discovery,Rachel Kim,Adventure,2019
B442,Advanced Courage,Viktor Novak,Education,2023
B443,The Innovation Study,Mark Daniels,Art,2022
B444,The Lost Hope,Yuki Tanaka,Fiction,2019
B445,The Growth Guide,Mark Daniels,Psychology,2019
B446,The Change Kingdom,Lisa Wang,Fantasy,2022
B447,Future of Justice,R. Gupta,Technology,2019
B448,The Truth Study,Maria Garcia,Thriller,2023
B449,The Fire Guide,Maria Garcia,Religion,2022
B450,The Ocean Handbook,Kai Nakamura,Economics,2019
B451,Wisdom of Ocean,R. Gupta,Philosophy,2019
B452,The Courage Study,Sophie Martin,Thriller,2024
B453,The Hope Guide,Dr. Elena Rossi,Music,2021
B454,The Love Handbook,David Thompson,Sociology,2021
B455,The Change Handbook,Hannah Lee,Sociology,2023
B456,The Creation Wars,Fatima Al-Zahra,History,2024
B457,The Innovation Handbook,Nadia Petrov,Psychology,2024
B458,Adventures in Discovery,Marcus Johnson,Adventure,2023
B459,The Forest Study,Anna Kowalski,Art,2021
B460,Advanced Shadow,Lucas Silva,Education,2019
B461,The Peace Guide,Dr. Rajesh Kumar,Music,2023
B462,Mastering War,Chen Wei,Education,2022
B463,The Light Study,Lucas Silva,Health,2021
B464,The Growth Kingdom,Nadia Petrov,Fantasy,2024
B465,The Fear Guide,Lucas Silva,Cooking,2019
B466,Mastering Courage,Oliver Fischer,Education,2021
B467,The Mind Manual,Robert Smith,Psychology,2018
B468,The Ocean Manual,Nadia Petrov,Cooking,2021
B469,Mastering Discovery,Lisa Wang,Education,2019
B470,The Ice Study,R. Gupta,Self-Help,2019
B471,Realm of City,Fatima Al-Zahra,Fantasy,2019
B472,The Honor Handbook,Prof. Michael Brown,Sports,2022
B473,The Fear Manual,Chen Wei,Self-Help,2022
B474,Ancient Wisdom,Mark Daniels,History,2022
B475,The Beauty Guide,Yuki Tanaka,Art,2024
B476,Mystery of Reality,Ahmed Hassan,Mystery,2021
B477,The Wisdom Manual,Dr. Rajesh Kumar,Cooking,2020
B478,The Freedom Era,Prof. Michael Brown,History,2023
B479,Journey to Peace,Nadia Petrov,Adventure,2020
B480,The City Analysis,Dr. Benjamin Clark,Politics,2024
B481,The War Manual,Dr. Rajesh Kumar,Music,2018
B482,The Discovery Analysis,Maria Garcia,Economics,2024
B483,The Fire Story,Dr. Sarah Wilson,Biography,2018
B484,Life of Discovery,Marcus Johnson,Biography,2023
B485,The Truth Analysis,Fatima Al-Zahra,Music,2022
B486,The War Revolution,Rachel Kim,Technology,2024
B487,The Honor Study,Dr. Elena Rossi,Self-Help,2019
B488,The City Manual,Dr. Amara Okafor,Sociology,2022
B489,The Freedom Study,Carlos Mendez,Thriller,2024
B490,The Growth Manual,Viktor Novak,Politics,2022
B491,The Fire Study,Maria Garcia,Sociology,2022
B492,The Storm Analysis,Hannah Lee,Art,2022
B493,Digital Light,Sophie Martin,Technology,2021
B494,The Growth Analysis,James Miller,Thriller,2022
B495,Romance of Dream,Rachel Kim,Romance,2022
B496,The Fire Handbook,Anna Kowalski,Religion,2024
B497,The Courage Manual,Rachel Kim,Cooking,2018
B498,The Light Analysis,Jennifer Lopez,Sports,2020
B499,The Ocean Guide,Isabella Rodriguez,Psychology,2024
B500,Advanced Hope,R. Gupta,Education,2023
