Member_ID,Name,Age,Membership_Type
M001,Neha Sharma,22,Student
M002,Ravi Patel,34,Regular
M003,Aisha Khan,28,Premium
M004,John Doe,45,Regular
M005,Sara Mehta,19,Student
M006,David Lee,31,Premium
M007,Priya Nair,26,Student
M008,Arjun Singh,39,Regular
M009,Emily Carter,41,Premium
M010,Rahul Verma,23,Student
M011,Ali Volkov,49,Regular
M012,Dmitri Garcia,49,Regular
M013,Neha Zhang,29,Regular
M014,Ethan Rodriguez,49,Regular
M015,Maria Li,24,Student
M016,Wei Kuznetsov,21,Student
M017,Ivan Martinez,24,Student
M018,Katya Mehta,41,Regular
M019,Sara Smith,69,Regular
M020,Anya Al-Mansouri,18,Student
M021,Noah Wang,39,Premium
M022,Ali Hassan,26,Regular
M023,William Al-Rashid,23,Regular
M024,Isabella Taylor,17,Student
M025,Ana Ibrahim,26,Regular
M026,Robert Petrov,16,Student
M027,Pablo Liu,39,Premium
M028,Sarah Al-Rashid,38,Faculty
M029,Chen Wang,46,Regular
M030,Jessica Davis,54,Faculty
M031,Sergei Garcia,54,Regular
M032,William Agarwal,56,Regular
M033,Vikram Rodriguez,20,Student
M034,Jose Kozlov,21,Student
M035,Dmitri Garcia,26,Regular
M036,Ahmed Popov,30,Faculty
M037,Diego Wu,58,Regular
M038,Isabella Williams,31,Premium
M039,Ahmed Zhang,38,Premium
M040,Mason Wang,24,Student
M041,Liam Novak,18,Student
M042,Carlos Zhang,19,Student
M043,Arjun Gupta,16,Student
M044,Anna Liu,55,Premium
M045,Katya Garcia,29,Regular
M046,Noor Zhou,25,Student
M047,Luis Singh,24,Regular
M048,Vikram Rodriguez,33,Regular
M049,Liam Rodriguez,65,Premium
M050,Emma Rodriguez,51,Regular
M051,Charlotte Sharma,38,Premium
M052,Sarah Qasemi,22,Student
M053,Jennifer Novak,42,Premium
M054,Ming Taylor,32,Regular
M055,Carmen Petrov,21,Student
M056,Ivan Al-Zahra,55,Regular
M057,Aisha Ibrahim,55,Regular
M058,Vikram Wu,36,Regular
M059,Hassan Al-Zahra,55,Regular
M060,Sakura Mehta,59,Regular
M061,Jose Liu,36,Regular
M062,Sergei Petrov,63,Regular
M063,Hiroshi Popov,26,Premium
M064,Jessica Bansal,31,Premium
M065,David Ibrahim,69,Senior
M066,Pablo Smirnov,41,Premium
M067,Miguel Zhao,55,Regular
M068,Carmen Petrov,23,Regular
M069,William Williams,64,Regular
M070,Mason Ibrahim,32,Regular
M071,Ava Khan,24,Student
M072,Aisha Khan,37,Regular
M073,Jennifer Thomas,21,Student
M074,Sofia Kuznetsov,25,Regular
M075,Emma Yang,23,Student
M076,Katya Malhotra,53,Regular
M077,Mason Bansal,50,Regular
M078,Diego Garcia,46,Faculty
M079,Isabella Smith,39,Premium
M080,Anna Garcia,21,Student
M081,Maria Zhou,16,Student
M082,Miguel Liu,33,Regular
M083,Mason Huang,17,Student
M084,Olivia Thomas,25,Student
M085,Maria Li,30,Regular
M086,Arjun Al-Zahra,24,Student
M087,Sofia Wilson,51,Regular
M088,Michael Al-Mansouri,16,Student
M089,Carlos Smirnov,16,Student
M090,Neha Rodriguez,18,Student
M091,Emma Miller,23,Student
M092,Amina Taylor,47,Regular
M093,Vikram Zhou,35,Premium
M094,Noah Smith,66,Regular
M095,Lucas Martinez,23,Student
M096,Elena Malhotra,18,Student
M097,Wei Khan,67,Premium
M098,Michael Williams,66,Premium
M099,Arjun Chen,59,Premium
M100,Isabella Al-Mansouri,36,Regular
M101,Lisa Al-Mansouri,22,Student
M102,Ali Al-Mansouri,31,Regular
M103,Ava Volkov,38,Regular
M104,Emma Kozlov,25,Student
M105,Sara Thomas,46,Regular
M106,Jennifer Yang,41,Premium
M107,Ali Zhao,31,Regular
M108,Diego Gonzalez,66,Premium
M109,Noah Yang,57,Regular
M110,Elena Al-Rashid,55,Regular
M111,Omar Wang,61,Regular
M112,Charlotte Hassan,40,Regular
M113,Ethan Abdullah,58,Regular
M114,Ming Garcia,47,Regular
M115,Noah Williams,66,Regular
M116,Wei Davis,54,Regular
M117,Maria Jones,20,Student
M118,Maria Volkov,22,Student
M119,Sakura Thomas,51,Regular
M120,Ali Anderson,23,Student
M121,Olivia Al-Rashid,24,Premium
M122,Noah Abdullah,61,Regular
M123,Hiroshi Rodriguez,45,Regular
M124,Jessica Wu,17,Student
M125,Ethan Mahmoud,32,Regular
M126,Anna Popov,27,Premium
M127,Ana Volkov,57,Faculty
M128,William Rodriguez,18,Student
M129,Aisha Rodriguez,23,Premium
M130,John Abdullah,29,Regular
M131,Anya Lopez,66,Regular
M132,Li Moore,27,Premium
M133,Noah Brown,31,Faculty
M134,Layla Popov,54,Regular
M135,Charlotte Davis,33,Premium
M136,Yuki Bansal,25,Student
M137,Sarah Garcia,59,Premium
M138,Chen Garcia,32,Regular
M139,Vikram Gonzalez,72,Senior
M140,Lucas Jones,54,Regular
M141,Amina Singh,31,Regular
M142,David Al-Mansouri,31,Regular
M143,Sofia Thomas,40,Faculty
M144,Emma Agarwal,41,Regular
M145,Jennifer Sharma,20,Student
M146,Ahmed Al-Mansouri,24,Student
M147,Emma Li,45,Regular
M148,Layla Petrov,56,Regular
M149,Sakura Al-Rashid,26,Regular
M150,Sakura Lopez,65,Premium
M151,Sara Volkov,32,Regular
M152,Emily Lopez,71,Senior
M153,Amina Huang,22,Regular
M154,Ravi Johnson,43,Premium
M155,Dmitri Novak,23,Student
M156,Omar Khan,58,Premium
M157,Anna Smirnov,18,Student
M158,Liam Johnson,20,Student
M159,Kenji Novak,25,Student
M160,Ravi Sharma,84,Senior
M161,Maria Wu,46,Premium
M162,Sarah Hassan,29,Regular
M163,Sakura Wang,35,Regular
M164,Ethan Yang,59,Premium
M165,Liam Novak,36,Regular
M166,Jennifer Lebedev,38,Regular
M167,Ava Wang,23,Premium
M168,Yuki Williams,61,Regular
M169,Michael Hassan,22,Student
M170,Ahmed Taylor,21,Student
M171,Katya Lopez,29,Regular
M172,Li Thomas,36,Regular
M173,Zara Sharma,54,Premium
M174,Miguel Smirnov,60,Regular
M175,Kenji Wu,50,Regular
M176,Hassan Johnson,16,Student
M177,Ivan Popov,48,Premium
M178,Natasha Liu,25,Premium
M179,Diego Gupta,31,Regular
M180,Ivan Gonzalez,31,Regular
M181,David Johnson,59,Regular
M182,Jennifer Li,68,Regular
M183,Diego Garcia,45,Premium
M184,Aarav Miller,36,Regular
M185,Jose Garcia,26,Premium
M186,Sergei Petrov,25,Regular
M187,Yuki Hassan,23,Premium
M188,Maria Zhou,18,Student
M189,Priya Miller,57,Regular
M190,Carmen Anderson,48,Premium
M191,Chen Singh,32,Regular
M192,Jessica Wang,33,Faculty
M193,Carlos Smith,68,Regular
M194,Ivan Wilson,25,Student
M195,Ava Fischer,39,Regular
M196,Carlos Anderson,68,Regular
M197,Jessica Martinez,64,Premium
M198,Kenji Al-Zahra,63,Senior
M199,Yusuf Jones,64,Senior
M200,Jennifer Li,67,Senior
M201,Lisa Wang,49,Regular
M202,Pablo Al-Mansouri,30,Regular
M203,Emma Petrov,50,Regular
M204,Charlotte Kuznetsov,24,Student
M205,Noor Petrov,82,Senior
M206,Wei Wilson,20,Student
M207,John Yang,63,Faculty
M208,Sergei Yang,24,Student
M209,Carmen Mehta,61,Regular
M210,Michael Singh,68,Regular
M211,Ava Williams,24,Student
M212,Charlotte Malhotra,24,Student
M213,Fatima Al-Rashid,24,Student
M214,Sophia Chen,19,Student
M215,Michael Wilson,32,Regular
M216,Ali Thomas,66,Senior
M217,Olivia Gupta,55,Regular
M218,Mason Chen,70,Senior
M219,Sara Wang,18,Student
M220,Robert Liu,24,Student
M221,Dmitri Wang,27,Regular
M222,Sara Zhao,16,Student
M223,Pavel Wilson,64,Regular
M224,Carlos Taylor,49,Regular
M225,Arjun Ibrahim,16,Student
M226,Li Popov,19,Student
M227,Aarav Moore,41,Regular
M228,Noor Zhou,49,Regular
M229,Meera Khan,61,Regular
M230,Natasha Abdullah,22,Regular
M231,Rahul Huang,51,Regular
M232,Sara Fischer,40,Premium
M233,Rahul Li,51,Regular
M234,Ravi Rodriguez,23,Student
M235,Olga Johnson,22,Regular
M236,Jennifer Volkov,68,Premium
M237,Dmitri Al-Zahra,49,Regular
M238,Elena Chen,51,Regular
M239,Elena Mahmoud,25,Regular
M240,John Wilson,22,Student
M241,Ethan Bansal,69,Senior
M242,Ana Jain,17,Student
M243,Omar Huang,44,Regular
M244,Anna Yang,59,Faculty
M245,Robert Taylor,50,Premium
M246,Yusuf Sokolov,24,Regular
M247,Aarav Petrov,23,Student
M248,Arjun Martinez,20,Student
M249,Pavel Wilson,16,Student
M250,Ethan Qasemi,29,Regular
M251,Charlotte Mahmoud,23,Student
M252,Amina Garcia,67,Premium
M253,Katya Abdullah,25,Premium
M254,Lisa Davis,81,Senior
M255,Hassan Novak,22,Student
M256,Michael Khan,28,Premium
M257,Dmitri Garcia,54,Regular
M258,Arjun Garcia,18,Student
M259,Ali Mehta,18,Student
M260,David Rodriguez,39,Regular
M261,Ravi Chen,68,Premium
M262,Vikram Garcia,32,Regular
M263,Aisha Ibrahim,17,Student
M264,Anya Jones,33,Regular
M265,Ethan Brown,58,Premium
M266,Sara Bansal,51,Regular
M267,Ava Rodriguez,65,Regular
M268,Amina Popov,25,Student
M269,Isabella Wu,45,Premium
M270,Diego Garcia,23,Student
M271,Maria Novak,50,Faculty
M272,William Gonzalez,38,Premium
M273,Sophia Jones,38,Regular
M274,Olga Martinez,23,Student
M275,Hiroshi Singh,46,Regular
M276,Omar Martinez,21,Student
M277,Natasha Zhao,67,Regular
M278,Liam Singh,56,Faculty
M279,Ana Lopez,22,Student
M280,Elena Smirnov,27,Regular
M281,Lucas Al-Rashid,80,Senior
M282,Dmitri Al-Mansouri,62,Premium
M283,Lisa Martinez,16,Student
M284,Elena Johnson,59,Regular
M285,Charlotte Li,44,Premium
M286,Chen Lebedev,21,Student
M287,Yusuf Martinez,24,Student
M288,William Kuznetsov,23,Student
M289,Pavel Singh,24,Student
M290,Olga Al-Mansouri,31,Regular
M291,Lucas Bansal,80,Senior
M292,Jose Garcia,67,Regular
M293,Li Brown,21,Student
M294,Sofia Lopez,57,Premium
M295,John Chen,50,Premium
M296,Pablo Gupta,61,Regular
M297,Charlotte Taylor,57,Regular
M298,Hassan Singh,60,Premium
M299,Yuki Mahmoud,55,Regular
M300,Aisha Kozlov,45,Regular
M301,Meera Williams,64,Senior
M302,Noor Li,57,Regular
M303,Ali Kozlov,40,Regular
M304,Sofia Martinez,64,Regular
M305,Priya Brown,66,Premium
M306,Hassan Moore,24,Student
M307,Jessica Moore,30,Premium
M308,Noah Garcia,16,Student
M309,Ali Ibrahim,64,Regular
M310,Chen Zhao,46,Regular
M311,Diego Volkov,18,Student
M312,Sakura Mahmoud,18,Student
M313,Pavel Huang,17,Student
M314,Luis Martinez,20,Student
M315,Ming Al-Zahra,16,Student
M316,Mason Novak,25,Student
M317,Liam Wang,68,Regular
M318,David Kuznetsov,23,Student
M319,Emma Petrov,52,Premium
M320,Isabella Brown,44,Premium
M321,Pablo Al-Rashid,37,Premium
M322,Olga Khan,46,Premium
M323,Yusuf Moore,71,Senior
M324,William Patel,25,Student
M325,Ming Zhao,25,Student
M326,Dmitri Rodriguez,25,Student
M327,Lisa Williams,38,Regular
M328,Sofia Jones,20,Student
M329,Elena Wu,28,Regular
M330,Wei Zhang,20,Student
M331,Miguel Miller,69,Premium
M332,Olivia Taylor,22,Student
M333,Olivia Wang,52,Premium
M334,Fatima Taylor,60,Premium
M335,Luis Smith,63,Regular
M336,Jennifer Taylor,35,Regular
M337,Ethan Zhang,56,Regular
M338,Zara Novak,66,Regular
M339,Ethan Lopez,20,Student
M340,Sara Yang,47,Regular
M341,Ravi Sokolov,65,Premium
M342,Meera Popov,25,Regular
M343,Vikram Petrov,46,Premium
M344,Aarav Al-Mansouri,54,Premium
M345,Jennifer Sokolov,63,Premium
M346,Amina Mehta,23,Premium
M347,Lisa Sharma,25,Student
M348,Noor Liu,40,Faculty
M349,Katya Al-Zahra,53,Regular
M350,Sara Garcia,66,Senior
M351,Noah Gonzalez,16,Student
M352,Olivia Patel,65,Regular
M353,Aarav Huang,65,Regular
M354,Olga Sharma,37,Faculty
M355,Arjun Yang,22,Student
M356,Hiroshi Huang,22,Regular
M357,Sakura Patel,18,Student
M358,Ava Popov,51,Regular
M359,Vladimir Kuznetsov,39,Premium
M360,Omar Agarwal,24,Student
M361,David Yang,20,Student
M362,Lisa Garcia,36,Faculty
M363,Hassan Garcia,24,Student
M364,Lucas Miller,33,Regular
M365,Luis Davis,64,Faculty
M366,Anna Gupta,64,Premium
M367,Pablo Ibrahim,60,Regular
M368,Katya Wu,67,Premium
M369,Wei Anderson,34,Regular
M370,Yusuf Martinez,34,Faculty
M371,John Lopez,35,Faculty
M372,Ravi Gupta,81,Senior
M373,Ivan Mahmoud,66,Regular
M374,Elena Zhao,17,Student
M375,Emma Singh,62,Regular
M376,Priya Anderson,18,Student
M377,Fatima Gupta,26,Premium
M378,Liam Lebedev,22,Student
M379,Vladimir Lopez,56,Premium
M380,Sofia Wu,63,Regular
M381,David Fischer,39,Regular
M382,Lucas Khan,45,Regular
M383,Amina Brown,56,Premium
M384,Emma Davis,23,Student
M385,Aisha Mehta,46,Premium
M386,Hiroshi Fischer,35,Regular
M387,Ethan Wu,32,Premium
M388,Ravi Johnson,24,Premium
M389,Isabella Patel,24,Student
M390,Ali Zhou,17,Student
M391,William Petrov,30,Premium
M392,Anna Mehta,46,Regular
M393,Maria Smith,55,Regular
M394,Chen Wu,36,Regular
M395,Jose Wilson,20,Student
M396,Ethan Hassan,17,Student
M397,Jose Petrov,20,Student
M398,Jennifer Smirnov,59,Faculty
M399,John Liu,24,Regular
M400,Ana Singh,55,Regular
M401,David Qasemi,34,Regular
M402,Amina Sokolov,21,Student
M403,Meera Hassan,37,Regular
M404,Anna Volkov,54,Regular
M405,Diego Patel,24,Student
M406,Yuki Smirnov,66,Regular
M407,Sergei Zhang,63,Regular
M408,Amina Abdullah,21,Student
M409,Elena Qasemi,20,Student
M410,Zara Wilson,52,Premium
M411,Elena Gupta,31,Premium
M412,Kenji Kuznetsov,51,Premium
M413,Wei Thomas,77,Senior
M414,Meera Gupta,35,Premium
M415,Yuki Malhotra,33,Premium
M416,Elena Thomas,16,Student
M417,Lisa Moore,61,Regular
M418,Jose Al-Rashid,23,Student
M419,Carmen Agarwal,69,Premium
M420,Emily Sharma,22,Student
M421,Carlos Chen,53,Regular
M422,Carmen Petrov,49,Premium
M423,Yuki Agarwal,51,Regular
M424,Robert Gupta,43,Premium
M425,Zara Qasemi,63,Senior
M426,Sergei Zhao,16,Student
M427,Mason Al-Mansouri,38,Premium
M428,Sarah Patel,22,Regular
M429,Emily Abdullah,23,Student
M430,Emily Rodriguez,17,Student
M431,Diego Kozlov,56,Faculty
M432,Jose Sharma,56,Regular
M433,Kenji Al-Mansouri,33,Regular
M434,Jose Volkov,16,Student
M435,John Taylor,36,Regular
M436,Wei Wu,32,Premium
M437,Sophia Smith,47,Regular
M438,Elena Smith,17,Student
M439,Jennifer Davis,44,Faculty
M440,Maria Davis,24,Student
M441,Liam Malhotra,22,Student
M442,Rahul Smith,32,Premium
M443,Vladimir Davis,17,Student
M444,Dmitri Martinez,41,Premium
M445,Noah Smirnov,48,Regular
M446,Meera Al-Zahra,65,Premium
M447,Li Garcia,20,Student
M448,Liam Rodriguez,64,Senior
M449,Layla Wang,27,Regular
M450,Sarah Bansal,26,Premium
M451,Maria Sharma,28,Faculty
M452,Anna Hassan,59,Regular
M453,Elena Kuznetsov,18,Student
M454,Sofia Chen,24,Student
M455,Sofia Qasemi,39,Premium
M456,Jennifer Martinez,37,Premium
M457,Diego Rodriguez,67,Regular
M458,Layla Li,20,Student
M459,Isabella Johnson,17,Student
M460,Anna Al-Rashid,24,Premium
M461,Kenji Moore,65,Premium
M462,Olivia Wu,25,Student
M463,Wei Al-Rashid,67,Regular
M464,Elena Davis,51,Regular
M465,Anna Al-Zahra,16,Student
M466,Michael Wu,41,Regular
M467,Layla Zhou,59,Regular
M468,Ethan Johnson,21,Student
M469,Neha Taylor,23,Regular
M470,Pavel Thomas,32,Premium
M471,Ali Chen,44,Faculty
M472,Kenji Sokolov,17,Student
M473,Rahul Popov,39,Regular
M474,Olga Wilson,52,Regular
M475,Liam Bansal,32,Premium
M476,Maria Garcia,54,Regular
M477,Li Gonzalez,35,Faculty
M478,Lisa Thomas,45,Premium
M479,Natasha Smirnov,24,Student
M480,Elena Mehta,36,Regular
M481,Sergei Rodriguez,43,Regular
M482,Noah Zhou,16,Student
M483,Ivan Huang,53,Regular
M484,Ava Kozlov,60,Senior
M485,Dmitri Huang,54,Regular
M486,Ravi Smirnov,51,Premium
M487,Carmen Anderson,19,Student
M488,Charlotte Rodriguez,60,Regular
M489,John Agarwal,22,Student
M490,Wei Gonzalez,25,Student
M491,Luis Smith,55,Premium
M492,Aisha Wu,16,Student
M493,Ivan Petrov,30,Faculty
M494,Sofia Smirnov,30,Premium
M495,Vladimir Agarwal,66,Senior
M496,Priya Agarwal,62,Regular
M497,Ming Jones,29,Premium
M498,Mason Moore,79,Senior
M499,Sophia Zhao,28,Regular
M500,Yusuf Chen,37,Regular
